Image,Rights,Caption
urn:cite:ecod:codsang570.csg-0570_001,"This image is available under the terms of a Creative Commons license (CC BY-NC 3.0).  Any reuse must include the following attribution: St. Gallen, Stiftsbibliothek, Cod. Sang. 570, f. 1r (www.e-codices.unifr.ch).","St. Gallen, Stiftsbibliothek, Cod. Sang. 570, page 1."
urn:cite:ecod:codsang570.csg-0570_002,"This image is available under the terms of a Creative Commons license (CC BY-NC 3.0).  Any reuse must include the following attribution: St. Gallen, Stiftsbibliothek, Cod. Sang. 570, f. 2r (www.e-codices.unifr.ch).","St. Gallen, Stiftsbibliothek, Cod. Sang. 570, page 2."
urn:cite:ecod:codsang570.csg-0570_003,"This image is available under the terms of a Creative Commons license (CC BY-NC 3.0).  Any reuse must include the following attribution: St. Gallen, Stiftsbibliothek, Cod. Sang. 570, f. 3r (www.e-codices.unifr.ch).","St. Gallen, Stiftsbibliothek, Cod. Sang. 570, page 3."
urn:cite:ecod:codsang570.csg-0570_004,"This image is available under the terms of a Creative Commons license (CC BY-NC 3.0).  Any reuse must include the following attribution: St. Gallen, Stiftsbibliothek, Cod. Sang. 570, f. 4r (www.e-codices.unifr.ch).","St. Gallen, Stiftsbibliothek, Cod. Sang. 570, page 4."
urn:cite:ecod:codsang570.csg-0570_005,"This image is available under the terms of a Creative Commons license (CC BY-NC 3.0).  Any reuse must include the following attribution: St. Gallen, Stiftsbibliothek, Cod. Sang. 570, f. 5r (www.e-codices.unifr.ch).","St. Gallen, Stiftsbibliothek, Cod. Sang. 570, page 5."
urn:cite:ecod:codsang570.csg-0570_006,"This image is available under the terms of a Creative Commons license (CC BY-NC 3.0).  Any reuse must include the following attribution: St. Gallen, Stiftsbibliothek, Cod. Sang. 570, f. 6r (www.e-codices.unifr.ch).","St. Gallen, Stiftsbibliothek, Cod. Sang. 570, page 6."
urn:cite:ecod:codsang570.csg-0570_007,"This image is available under the terms of a Creative Commons license (CC BY-NC 3.0).  Any reuse must include the following attribution: St. Gallen, Stiftsbibliothek, Cod. Sang. 570, f. 7r (www.e-codices.unifr.ch).","St. Gallen, Stiftsbibliothek, Cod. Sang. 570, page 7."
urn:cite:ecod:codsang570.csg-0570_008,"This image is available under the terms of a Creative Commons license (CC BY-NC 3.0).  Any reuse must include the following attribution: St. Gallen, Stiftsbibliothek, Cod. Sang. 570, f. 8r (www.e-codices.unifr.ch).","St. Gallen, Stiftsbibliothek, Cod. Sang. 570, page 8."
urn:cite:ecod:codsang570.csg-0570_009,"This image is available under the terms of a Creative Commons license (CC BY-NC 3.0).  Any reuse must include the following attribution: St. Gallen, Stiftsbibliothek, Cod. Sang. 570, f. 9r (www.e-codices.unifr.ch).","St. Gallen, Stiftsbibliothek, Cod. Sang. 570, page 9."
urn:cite:ecod:codsang570.csg-0570_010,"This image is available under the terms of a Creative Commons license (CC BY-NC 3.0).  Any reuse must include the following attribution: St. Gallen, Stiftsbibliothek, Cod. Sang. 570, f. 10r (www.e-codices.unifr.ch).","St. Gallen, Stiftsbibliothek, Cod. Sang. 570, page 10."
urn:cite:ecod:codsang570.csg-0570_011,"This image is available under the terms of a Creative Commons license (CC BY-NC 3.0).  Any reuse must include the following attribution: St. Gallen, Stiftsbibliothek, Cod. Sang. 570, f. 11r (www.e-codices.unifr.ch).","St. Gallen, Stiftsbibliothek, Cod. Sang. 570, page 11."
urn:cite:ecod:codsang570.csg-0570_012,"This image is available under the terms of a Creative Commons license (CC BY-NC 3.0).  Any reuse must include the following attribution: St. Gallen, Stiftsbibliothek, Cod. Sang. 570, f. 12r (www.e-codices.unifr.ch).","St. Gallen, Stiftsbibliothek, Cod. Sang. 570, page 12."
urn:cite:ecod:codsang570.csg-0570_013,"This image is available under the terms of a Creative Commons license (CC BY-NC 3.0).  Any reuse must include the following attribution: St. Gallen, Stiftsbibliothek, Cod. Sang. 570, f. 13r (www.e-codices.unifr.ch).","St. Gallen, Stiftsbibliothek, Cod. Sang. 570, page 13."
urn:cite:ecod:codsang570.csg-0570_014,"This image is available under the terms of a Creative Commons license (CC BY-NC 3.0).  Any reuse must include the following attribution: St. Gallen, Stiftsbibliothek, Cod. Sang. 570, f. 14r (www.e-codices.unifr.ch).","St. Gallen, Stiftsbibliothek, Cod. Sang. 570, page 14."
urn:cite:ecod:codsang570.csg-0570_015,"This image is available under the terms of a Creative Commons license (CC BY-NC 3.0).  Any reuse must include the following attribution: St. Gallen, Stiftsbibliothek, Cod. Sang. 570, f. 15r (www.e-codices.unifr.ch).","St. Gallen, Stiftsbibliothek, Cod. Sang. 570, page 15."
urn:cite:ecod:codsang570.csg-0570_016,"This image is available under the terms of a Creative Commons license (CC BY-NC 3.0).  Any reuse must include the following attribution: St. Gallen, Stiftsbibliothek, Cod. Sang. 570, f. 16r (www.e-codices.unifr.ch).","St. Gallen, Stiftsbibliothek, Cod. Sang. 570, page 16."
urn:cite:ecod:codsang570.csg-0570_017,"This image is available under the terms of a Creative Commons license (CC BY-NC 3.0).  Any reuse must include the following attribution: St. Gallen, Stiftsbibliothek, Cod. Sang. 570, f. 17r (www.e-codices.unifr.ch).","St. Gallen, Stiftsbibliothek, Cod. Sang. 570, page 17."
urn:cite:ecod:codsang570.csg-0570_018,"This image is available under the terms of a Creative Commons license (CC BY-NC 3.0).  Any reuse must include the following attribution: St. Gallen, Stiftsbibliothek, Cod. Sang. 570, f. 18r (www.e-codices.unifr.ch).","St. Gallen, Stiftsbibliothek, Cod. Sang. 570, page 18."
urn:cite:ecod:codsang570.csg-0570_019,"This image is available under the terms of a Creative Commons license (CC BY-NC 3.0).  Any reuse must include the following attribution: St. Gallen, Stiftsbibliothek, Cod. Sang. 570, f. 19r (www.e-codices.unifr.ch).","St. Gallen, Stiftsbibliothek, Cod. Sang. 570, page 19."
urn:cite:ecod:codsang570.csg-0570_020,"This image is available under the terms of a Creative Commons license (CC BY-NC 3.0).  Any reuse must include the following attribution: St. Gallen, Stiftsbibliothek, Cod. Sang. 570, f. 20r (www.e-codices.unifr.ch).","St. Gallen, Stiftsbibliothek, Cod. Sang. 570, page 20."
urn:cite:ecod:codsang570.csg-0570_021,"This image is available under the terms of a Creative Commons license (CC BY-NC 3.0).  Any reuse must include the following attribution: St. Gallen, Stiftsbibliothek, Cod. Sang. 570, f. 21r (www.e-codices.unifr.ch).","St. Gallen, Stiftsbibliothek, Cod. Sang. 570, page 21."
urn:cite:ecod:codsang570.csg-0570_022,"This image is available under the terms of a Creative Commons license (CC BY-NC 3.0).  Any reuse must include the following attribution: St. Gallen, Stiftsbibliothek, Cod. Sang. 570, f. 22r (www.e-codices.unifr.ch).","St. Gallen, Stiftsbibliothek, Cod. Sang. 570, page 22."
urn:cite:ecod:codsang570.csg-0570_023,"This image is available under the terms of a Creative Commons license (CC BY-NC 3.0).  Any reuse must include the following attribution: St. Gallen, Stiftsbibliothek, Cod. Sang. 570, f. 23r (www.e-codices.unifr.ch).","St. Gallen, Stiftsbibliothek, Cod. Sang. 570, page 23."
urn:cite:ecod:codsang570.csg-0570_024,"This image is available under the terms of a Creative Commons license (CC BY-NC 3.0).  Any reuse must include the following attribution: St. Gallen, Stiftsbibliothek, Cod. Sang. 570, f. 24r (www.e-codices.unifr.ch).","St. Gallen, Stiftsbibliothek, Cod. Sang. 570, page 24."
urn:cite:ecod:codsang570.csg-0570_025,"This image is available under the terms of a Creative Commons license (CC BY-NC 3.0).  Any reuse must include the following attribution: St. Gallen, Stiftsbibliothek, Cod. Sang. 570, f. 25r (www.e-codices.unifr.ch).","St. Gallen, Stiftsbibliothek, Cod. Sang. 570, page 25."
urn:cite:ecod:codsang570.csg-0570_026,"This image is available under the terms of a Creative Commons license (CC BY-NC 3.0).  Any reuse must include the following attribution: St. Gallen, Stiftsbibliothek, Cod. Sang. 570, f. 26r (www.e-codices.unifr.ch).","St. Gallen, Stiftsbibliothek, Cod. Sang. 570, page 26."
urn:cite:ecod:codsang570.csg-0570_027,"This image is available under the terms of a Creative Commons license (CC BY-NC 3.0).  Any reuse must include the following attribution: St. Gallen, Stiftsbibliothek, Cod. Sang. 570, f. 27r (www.e-codices.unifr.ch).","St. Gallen, Stiftsbibliothek, Cod. Sang. 570, page 27."
urn:cite:ecod:codsang570.csg-0570_028,"This image is available under the terms of a Creative Commons license (CC BY-NC 3.0).  Any reuse must include the following attribution: St. Gallen, Stiftsbibliothek, Cod. Sang. 570, f. 28r (www.e-codices.unifr.ch).","St. Gallen, Stiftsbibliothek, Cod. Sang. 570, page 28."
urn:cite:ecod:codsang570.csg-0570_029,"This image is available under the terms of a Creative Commons license (CC BY-NC 3.0).  Any reuse must include the following attribution: St. Gallen, Stiftsbibliothek, Cod. Sang. 570, f. 29r (www.e-codices.unifr.ch).","St. Gallen, Stiftsbibliothek, Cod. Sang. 570, page 29."
urn:cite:ecod:codsang570.csg-0570_030,"This image is available under the terms of a Creative Commons license (CC BY-NC 3.0).  Any reuse must include the following attribution: St. Gallen, Stiftsbibliothek, Cod. Sang. 570, f. 30r (www.e-codices.unifr.ch).","St. Gallen, Stiftsbibliothek, Cod. Sang. 570, page 30."
urn:cite:ecod:codsang570.csg-0570_031,"This image is available under the terms of a Creative Commons license (CC BY-NC 3.0).  Any reuse must include the following attribution: St. Gallen, Stiftsbibliothek, Cod. Sang. 570, f. 31r (www.e-codices.unifr.ch).","St. Gallen, Stiftsbibliothek, Cod. Sang. 570, page 31."
urn:cite:ecod:codsang570.csg-0570_032,"This image is available under the terms of a Creative Commons license (CC BY-NC 3.0).  Any reuse must include the following attribution: St. Gallen, Stiftsbibliothek, Cod. Sang. 570, f. 32r (www.e-codices.unifr.ch).","St. Gallen, Stiftsbibliothek, Cod. Sang. 570, page 32."
urn:cite:ecod:codsang570.csg-0570_033,"This image is available under the terms of a Creative Commons license (CC BY-NC 3.0).  Any reuse must include the following attribution: St. Gallen, Stiftsbibliothek, Cod. Sang. 570, f. 33r (www.e-codices.unifr.ch).","St. Gallen, Stiftsbibliothek, Cod. Sang. 570, page 33."
urn:cite:ecod:codsang570.csg-0570_034,"This image is available under the terms of a Creative Commons license (CC BY-NC 3.0).  Any reuse must include the following attribution: St. Gallen, Stiftsbibliothek, Cod. Sang. 570, f. 34r (www.e-codices.unifr.ch).","St. Gallen, Stiftsbibliothek, Cod. Sang. 570, page 34."
urn:cite:ecod:codsang570.csg-0570_035,"This image is available under the terms of a Creative Commons license (CC BY-NC 3.0).  Any reuse must include the following attribution: St. Gallen, Stiftsbibliothek, Cod. Sang. 570, f. 35r (www.e-codices.unifr.ch).","St. Gallen, Stiftsbibliothek, Cod. Sang. 570, page 35."
urn:cite:ecod:codsang570.csg-0570_036,"This image is available under the terms of a Creative Commons license (CC BY-NC 3.0).  Any reuse must include the following attribution: St. Gallen, Stiftsbibliothek, Cod. Sang. 570, f. 36r (www.e-codices.unifr.ch).","St. Gallen, Stiftsbibliothek, Cod. Sang. 570, page 36."
urn:cite:ecod:codsang570.csg-0570_037,"This image is available under the terms of a Creative Commons license (CC BY-NC 3.0).  Any reuse must include the following attribution: St. Gallen, Stiftsbibliothek, Cod. Sang. 570, f. 37r (www.e-codices.unifr.ch).","St. Gallen, Stiftsbibliothek, Cod. Sang. 570, page 37."
urn:cite:ecod:codsang570.csg-0570_038,"This image is available under the terms of a Creative Commons license (CC BY-NC 3.0).  Any reuse must include the following attribution: St. Gallen, Stiftsbibliothek, Cod. Sang. 570, f. 38r (www.e-codices.unifr.ch).","St. Gallen, Stiftsbibliothek, Cod. Sang. 570, page 38."
urn:cite:ecod:codsang570.csg-0570_039,"This image is available under the terms of a Creative Commons license (CC BY-NC 3.0).  Any reuse must include the following attribution: St. Gallen, Stiftsbibliothek, Cod. Sang. 570, f. 39r (www.e-codices.unifr.ch).","St. Gallen, Stiftsbibliothek, Cod. Sang. 570, page 39."
urn:cite:ecod:codsang570.csg-0570_040,"This image is available under the terms of a Creative Commons license (CC BY-NC 3.0).  Any reuse must include the following attribution: St. Gallen, Stiftsbibliothek, Cod. Sang. 570, f. 40r (www.e-codices.unifr.ch).","St. Gallen, Stiftsbibliothek, Cod. Sang. 570, page 40."
urn:cite:ecod:codsang570.csg-0570_041,"This image is available under the terms of a Creative Commons license (CC BY-NC 3.0).  Any reuse must include the following attribution: St. Gallen, Stiftsbibliothek, Cod. Sang. 570, f. 41r (www.e-codices.unifr.ch).","St. Gallen, Stiftsbibliothek, Cod. Sang. 570, page 41."
urn:cite:ecod:codsang570.csg-0570_042,"This image is available under the terms of a Creative Commons license (CC BY-NC 3.0).  Any reuse must include the following attribution: St. Gallen, Stiftsbibliothek, Cod. Sang. 570, f. 42r (www.e-codices.unifr.ch).","St. Gallen, Stiftsbibliothek, Cod. Sang. 570, page 42."
urn:cite:ecod:codsang570.csg-0570_043,"This image is available under the terms of a Creative Commons license (CC BY-NC 3.0).  Any reuse must include the following attribution: St. Gallen, Stiftsbibliothek, Cod. Sang. 570, f. 43r (www.e-codices.unifr.ch).","St. Gallen, Stiftsbibliothek, Cod. Sang. 570, page 43."
urn:cite:ecod:codsang570.csg-0570_044,"This image is available under the terms of a Creative Commons license (CC BY-NC 3.0).  Any reuse must include the following attribution: St. Gallen, Stiftsbibliothek, Cod. Sang. 570, f. 44r (www.e-codices.unifr.ch).","St. Gallen, Stiftsbibliothek, Cod. Sang. 570, page 44."
urn:cite:ecod:codsang570.csg-0570_045,"This image is available under the terms of a Creative Commons license (CC BY-NC 3.0).  Any reuse must include the following attribution: St. Gallen, Stiftsbibliothek, Cod. Sang. 570, f. 45r (www.e-codices.unifr.ch).","St. Gallen, Stiftsbibliothek, Cod. Sang. 570, page 45."
urn:cite:ecod:codsang570.csg-0570_046,"This image is available under the terms of a Creative Commons license (CC BY-NC 3.0).  Any reuse must include the following attribution: St. Gallen, Stiftsbibliothek, Cod. Sang. 570, f. 46r (www.e-codices.unifr.ch).","St. Gallen, Stiftsbibliothek, Cod. Sang. 570, page 46."
urn:cite:ecod:codsang570.csg-0570_047,"This image is available under the terms of a Creative Commons license (CC BY-NC 3.0).  Any reuse must include the following attribution: St. Gallen, Stiftsbibliothek, Cod. Sang. 570, f. 47r (www.e-codices.unifr.ch).","St. Gallen, Stiftsbibliothek, Cod. Sang. 570, page 47."
urn:cite:ecod:codsang570.csg-0570_048,"This image is available under the terms of a Creative Commons license (CC BY-NC 3.0).  Any reuse must include the following attribution: St. Gallen, Stiftsbibliothek, Cod. Sang. 570, f. 48r (www.e-codices.unifr.ch).","St. Gallen, Stiftsbibliothek, Cod. Sang. 570, page 48."
urn:cite:ecod:codsang570.csg-0570_049,"This image is available under the terms of a Creative Commons license (CC BY-NC 3.0).  Any reuse must include the following attribution: St. Gallen, Stiftsbibliothek, Cod. Sang. 570, f. 49r (www.e-codices.unifr.ch).","St. Gallen, Stiftsbibliothek, Cod. Sang. 570, page 49."
urn:cite:ecod:codsang570.csg-0570_050,"This image is available under the terms of a Creative Commons license (CC BY-NC 3.0).  Any reuse must include the following attribution: St. Gallen, Stiftsbibliothek, Cod. Sang. 570, f. 50r (www.e-codices.unifr.ch).","St. Gallen, Stiftsbibliothek, Cod. Sang. 570, page 50."
urn:cite:ecod:codsang570.csg-0570_051,"This image is available under the terms of a Creative Commons license (CC BY-NC 3.0).  Any reuse must include the following attribution: St. Gallen, Stiftsbibliothek, Cod. Sang. 570, f. 51r (www.e-codices.unifr.ch).","St. Gallen, Stiftsbibliothek, Cod. Sang. 570, page 51."
urn:cite:ecod:codsang570.csg-0570_052,"This image is available under the terms of a Creative Commons license (CC BY-NC 3.0).  Any reuse must include the following attribution: St. Gallen, Stiftsbibliothek, Cod. Sang. 570, f. 52r (www.e-codices.unifr.ch).","St. Gallen, Stiftsbibliothek, Cod. Sang. 570, page 52."
urn:cite:ecod:codsang570.csg-0570_053,"This image is available under the terms of a Creative Commons license (CC BY-NC 3.0).  Any reuse must include the following attribution: St. Gallen, Stiftsbibliothek, Cod. Sang. 570, f. 53r (www.e-codices.unifr.ch).","St. Gallen, Stiftsbibliothek, Cod. Sang. 570, page 53."
urn:cite:ecod:codsang570.csg-0570_054,"This image is available under the terms of a Creative Commons license (CC BY-NC 3.0).  Any reuse must include the following attribution: St. Gallen, Stiftsbibliothek, Cod. Sang. 570, f. 54r (www.e-codices.unifr.ch).","St. Gallen, Stiftsbibliothek, Cod. Sang. 570, page 54."
urn:cite:ecod:codsang570.csg-0570_055,"This image is available under the terms of a Creative Commons license (CC BY-NC 3.0).  Any reuse must include the following attribution: St. Gallen, Stiftsbibliothek, Cod. Sang. 570, f. 55r (www.e-codices.unifr.ch).","St. Gallen, Stiftsbibliothek, Cod. Sang. 570, page 55."
urn:cite:ecod:codsang570.csg-0570_056,"This image is available under the terms of a Creative Commons license (CC BY-NC 3.0).  Any reuse must include the following attribution: St. Gallen, Stiftsbibliothek, Cod. Sang. 570, f. 56r (www.e-codices.unifr.ch).","St. Gallen, Stiftsbibliothek, Cod. Sang. 570, page 56."
urn:cite:ecod:codsang570.csg-0570_057,"This image is available under the terms of a Creative Commons license (CC BY-NC 3.0).  Any reuse must include the following attribution: St. Gallen, Stiftsbibliothek, Cod. Sang. 570, f. 57r (www.e-codices.unifr.ch).","St. Gallen, Stiftsbibliothek, Cod. Sang. 570, page 57."
urn:cite:ecod:codsang570.csg-0570_058,"This image is available under the terms of a Creative Commons license (CC BY-NC 3.0).  Any reuse must include the following attribution: St. Gallen, Stiftsbibliothek, Cod. Sang. 570, f. 58r (www.e-codices.unifr.ch).","St. Gallen, Stiftsbibliothek, Cod. Sang. 570, page 58."
urn:cite:ecod:codsang570.csg-0570_059,"This image is available under the terms of a Creative Commons license (CC BY-NC 3.0).  Any reuse must include the following attribution: St. Gallen, Stiftsbibliothek, Cod. Sang. 570, f. 59r (www.e-codices.unifr.ch).","St. Gallen, Stiftsbibliothek, Cod. Sang. 570, page 59."
urn:cite:ecod:codsang570.csg-0570_060,"This image is available under the terms of a Creative Commons license (CC BY-NC 3.0).  Any reuse must include the following attribution: St. Gallen, Stiftsbibliothek, Cod. Sang. 570, f. 60r (www.e-codices.unifr.ch).","St. Gallen, Stiftsbibliothek, Cod. Sang. 570, page 60."
urn:cite:ecod:codsang570.csg-0570_061,"This image is available under the terms of a Creative Commons license (CC BY-NC 3.0).  Any reuse must include the following attribution: St. Gallen, Stiftsbibliothek, Cod. Sang. 570, f. 61r (www.e-codices.unifr.ch).","St. Gallen, Stiftsbibliothek, Cod. Sang. 570, page 61."
urn:cite:ecod:codsang570.csg-0570_062,"This image is available under the terms of a Creative Commons license (CC BY-NC 3.0).  Any reuse must include the following attribution: St. Gallen, Stiftsbibliothek, Cod. Sang. 570, f. 62r (www.e-codices.unifr.ch).","St. Gallen, Stiftsbibliothek, Cod. Sang. 570, page 62."
urn:cite:ecod:codsang570.csg-0570_063,"This image is available under the terms of a Creative Commons license (CC BY-NC 3.0).  Any reuse must include the following attribution: St. Gallen, Stiftsbibliothek, Cod. Sang. 570, f. 63r (www.e-codices.unifr.ch).","St. Gallen, Stiftsbibliothek, Cod. Sang. 570, page 63."
urn:cite:ecod:codsang570.csg-0570_064,"This image is available under the terms of a Creative Commons license (CC BY-NC 3.0).  Any reuse must include the following attribution: St. Gallen, Stiftsbibliothek, Cod. Sang. 570, f. 64r (www.e-codices.unifr.ch).","St. Gallen, Stiftsbibliothek, Cod. Sang. 570, page 64."
urn:cite:ecod:codsang570.csg-0570_065,"This image is available under the terms of a Creative Commons license (CC BY-NC 3.0).  Any reuse must include the following attribution: St. Gallen, Stiftsbibliothek, Cod. Sang. 570, f. 65r (www.e-codices.unifr.ch).","St. Gallen, Stiftsbibliothek, Cod. Sang. 570, page 65."
urn:cite:ecod:codsang570.csg-0570_066,"This image is available under the terms of a Creative Commons license (CC BY-NC 3.0).  Any reuse must include the following attribution: St. Gallen, Stiftsbibliothek, Cod. Sang. 570, f. 66r (www.e-codices.unifr.ch).","St. Gallen, Stiftsbibliothek, Cod. Sang. 570, page 66."
urn:cite:ecod:codsang570.csg-0570_067,"This image is available under the terms of a Creative Commons license (CC BY-NC 3.0).  Any reuse must include the following attribution: St. Gallen, Stiftsbibliothek, Cod. Sang. 570, f. 67r (www.e-codices.unifr.ch).","St. Gallen, Stiftsbibliothek, Cod. Sang. 570, page 67."
urn:cite:ecod:codsang570.csg-0570_068,"This image is available under the terms of a Creative Commons license (CC BY-NC 3.0).  Any reuse must include the following attribution: St. Gallen, Stiftsbibliothek, Cod. Sang. 570, f. 68r (www.e-codices.unifr.ch).","St. Gallen, Stiftsbibliothek, Cod. Sang. 570, page 68."
urn:cite:ecod:codsang570.csg-0570_069,"This image is available under the terms of a Creative Commons license (CC BY-NC 3.0).  Any reuse must include the following attribution: St. Gallen, Stiftsbibliothek, Cod. Sang. 570, f. 69r (www.e-codices.unifr.ch).","St. Gallen, Stiftsbibliothek, Cod. Sang. 570, page 69."
urn:cite:ecod:codsang570.csg-0570_070,"This image is available under the terms of a Creative Commons license (CC BY-NC 3.0).  Any reuse must include the following attribution: St. Gallen, Stiftsbibliothek, Cod. Sang. 570, f. 70r (www.e-codices.unifr.ch).","St. Gallen, Stiftsbibliothek, Cod. Sang. 570, page 70."
urn:cite:ecod:codsang570.csg-0570_071,"This image is available under the terms of a Creative Commons license (CC BY-NC 3.0).  Any reuse must include the following attribution: St. Gallen, Stiftsbibliothek, Cod. Sang. 570, f. 71r (www.e-codices.unifr.ch).","St. Gallen, Stiftsbibliothek, Cod. Sang. 570, page 71."
urn:cite:ecod:codsang570.csg-0570_072,"This image is available under the terms of a Creative Commons license (CC BY-NC 3.0).  Any reuse must include the following attribution: St. Gallen, Stiftsbibliothek, Cod. Sang. 570, f. 72r (www.e-codices.unifr.ch).","St. Gallen, Stiftsbibliothek, Cod. Sang. 570, page 72."
urn:cite:ecod:codsang570.csg-0570_073,"This image is available under the terms of a Creative Commons license (CC BY-NC 3.0).  Any reuse must include the following attribution: St. Gallen, Stiftsbibliothek, Cod. Sang. 570, f. 73r (www.e-codices.unifr.ch).","St. Gallen, Stiftsbibliothek, Cod. Sang. 570, page 73."
urn:cite:ecod:codsang570.csg-0570_074,"This image is available under the terms of a Creative Commons license (CC BY-NC 3.0).  Any reuse must include the following attribution: St. Gallen, Stiftsbibliothek, Cod. Sang. 570, f. 74r (www.e-codices.unifr.ch).","St. Gallen, Stiftsbibliothek, Cod. Sang. 570, page 74."
urn:cite:ecod:codsang570.csg-0570_075,"This image is available under the terms of a Creative Commons license (CC BY-NC 3.0).  Any reuse must include the following attribution: St. Gallen, Stiftsbibliothek, Cod. Sang. 570, f. 75r (www.e-codices.unifr.ch).","St. Gallen, Stiftsbibliothek, Cod. Sang. 570, page 75."
urn:cite:ecod:codsang570.csg-0570_076,"This image is available under the terms of a Creative Commons license (CC BY-NC 3.0).  Any reuse must include the following attribution: St. Gallen, Stiftsbibliothek, Cod. Sang. 570, f. 76r (www.e-codices.unifr.ch).","St. Gallen, Stiftsbibliothek, Cod. Sang. 570, page 76."
urn:cite:ecod:codsang570.csg-0570_077,"This image is available under the terms of a Creative Commons license (CC BY-NC 3.0).  Any reuse must include the following attribution: St. Gallen, Stiftsbibliothek, Cod. Sang. 570, f. 77r (www.e-codices.unifr.ch).","St. Gallen, Stiftsbibliothek, Cod. Sang. 570, page 77."
urn:cite:ecod:codsang570.csg-0570_078,"This image is available under the terms of a Creative Commons license (CC BY-NC 3.0).  Any reuse must include the following attribution: St. Gallen, Stiftsbibliothek, Cod. Sang. 570, f. 78r (www.e-codices.unifr.ch).","St. Gallen, Stiftsbibliothek, Cod. Sang. 570, page 78."
urn:cite:ecod:codsang570.csg-0570_079,"This image is available under the terms of a Creative Commons license (CC BY-NC 3.0).  Any reuse must include the following attribution: St. Gallen, Stiftsbibliothek, Cod. Sang. 570, f. 79r (www.e-codices.unifr.ch).","St. Gallen, Stiftsbibliothek, Cod. Sang. 570, page 79."
urn:cite:ecod:codsang570.csg-0570_080,"This image is available under the terms of a Creative Commons license (CC BY-NC 3.0).  Any reuse must include the following attribution: St. Gallen, Stiftsbibliothek, Cod. Sang. 570, f. 80r (www.e-codices.unifr.ch).","St. Gallen, Stiftsbibliothek, Cod. Sang. 570, page 80."
urn:cite:ecod:codsang570.csg-0570_081,"This image is available under the terms of a Creative Commons license (CC BY-NC 3.0).  Any reuse must include the following attribution: St. Gallen, Stiftsbibliothek, Cod. Sang. 570, f. 81r (www.e-codices.unifr.ch).","St. Gallen, Stiftsbibliothek, Cod. Sang. 570, page 81."
urn:cite:ecod:codsang570.csg-0570_082,"This image is available under the terms of a Creative Commons license (CC BY-NC 3.0).  Any reuse must include the following attribution: St. Gallen, Stiftsbibliothek, Cod. Sang. 570, f. 82r (www.e-codices.unifr.ch).","St. Gallen, Stiftsbibliothek, Cod. Sang. 570, page 82."
urn:cite:ecod:codsang570.csg-0570_083,"This image is available under the terms of a Creative Commons license (CC BY-NC 3.0).  Any reuse must include the following attribution: St. Gallen, Stiftsbibliothek, Cod. Sang. 570, f. 83r (www.e-codices.unifr.ch).","St. Gallen, Stiftsbibliothek, Cod. Sang. 570, page 83."
urn:cite:ecod:codsang570.csg-0570_084,"This image is available under the terms of a Creative Commons license (CC BY-NC 3.0).  Any reuse must include the following attribution: St. Gallen, Stiftsbibliothek, Cod. Sang. 570, f. 84r (www.e-codices.unifr.ch).","St. Gallen, Stiftsbibliothek, Cod. Sang. 570, page 84."
urn:cite:ecod:codsang570.csg-0570_085,"This image is available under the terms of a Creative Commons license (CC BY-NC 3.0).  Any reuse must include the following attribution: St. Gallen, Stiftsbibliothek, Cod. Sang. 570, f. 85r (www.e-codices.unifr.ch).","St. Gallen, Stiftsbibliothek, Cod. Sang. 570, page 85."
urn:cite:ecod:codsang570.csg-0570_086,"This image is available under the terms of a Creative Commons license (CC BY-NC 3.0).  Any reuse must include the following attribution: St. Gallen, Stiftsbibliothek, Cod. Sang. 570, f. 86r (www.e-codices.unifr.ch).","St. Gallen, Stiftsbibliothek, Cod. Sang. 570, page 86."
urn:cite:ecod:codsang570.csg-0570_087,"This image is available under the terms of a Creative Commons license (CC BY-NC 3.0).  Any reuse must include the following attribution: St. Gallen, Stiftsbibliothek, Cod. Sang. 570, f. 87r (www.e-codices.unifr.ch).","St. Gallen, Stiftsbibliothek, Cod. Sang. 570, page 87."
urn:cite:ecod:codsang570.csg-0570_088,"This image is available under the terms of a Creative Commons license (CC BY-NC 3.0).  Any reuse must include the following attribution: St. Gallen, Stiftsbibliothek, Cod. Sang. 570, f. 88r (www.e-codices.unifr.ch).","St. Gallen, Stiftsbibliothek, Cod. Sang. 570, page 88."
urn:cite:ecod:codsang570.csg-0570_089,"This image is available under the terms of a Creative Commons license (CC BY-NC 3.0).  Any reuse must include the following attribution: St. Gallen, Stiftsbibliothek, Cod. Sang. 570, f. 89r (www.e-codices.unifr.ch).","St. Gallen, Stiftsbibliothek, Cod. Sang. 570, page 89."
urn:cite:ecod:codsang570.csg-0570_090,"This image is available under the terms of a Creative Commons license (CC BY-NC 3.0).  Any reuse must include the following attribution: St. Gallen, Stiftsbibliothek, Cod. Sang. 570, f. 90r (www.e-codices.unifr.ch).","St. Gallen, Stiftsbibliothek, Cod. Sang. 570, page 90."
urn:cite:ecod:codsang570.csg-0570_091,"This image is available under the terms of a Creative Commons license (CC BY-NC 3.0).  Any reuse must include the following attribution: St. Gallen, Stiftsbibliothek, Cod. Sang. 570, f. 91r (www.e-codices.unifr.ch).","St. Gallen, Stiftsbibliothek, Cod. Sang. 570, page 91."
urn:cite:ecod:codsang570.csg-0570_092,"This image is available under the terms of a Creative Commons license (CC BY-NC 3.0).  Any reuse must include the following attribution: St. Gallen, Stiftsbibliothek, Cod. Sang. 570, f. 92r (www.e-codices.unifr.ch).","St. Gallen, Stiftsbibliothek, Cod. Sang. 570, page 92."
urn:cite:ecod:codsang570.csg-0570_093,"This image is available under the terms of a Creative Commons license (CC BY-NC 3.0).  Any reuse must include the following attribution: St. Gallen, Stiftsbibliothek, Cod. Sang. 570, f. 93r (www.e-codices.unifr.ch).","St. Gallen, Stiftsbibliothek, Cod. Sang. 570, page 93."
urn:cite:ecod:codsang570.csg-0570_094,"This image is available under the terms of a Creative Commons license (CC BY-NC 3.0).  Any reuse must include the following attribution: St. Gallen, Stiftsbibliothek, Cod. Sang. 570, f. 94r (www.e-codices.unifr.ch).","St. Gallen, Stiftsbibliothek, Cod. Sang. 570, page 94."
urn:cite:ecod:codsang570.csg-0570_095,"This image is available under the terms of a Creative Commons license (CC BY-NC 3.0).  Any reuse must include the following attribution: St. Gallen, Stiftsbibliothek, Cod. Sang. 570, f. 95r (www.e-codices.unifr.ch).","St. Gallen, Stiftsbibliothek, Cod. Sang. 570, page 95."
urn:cite:ecod:codsang570.csg-0570_096,"This image is available under the terms of a Creative Commons license (CC BY-NC 3.0).  Any reuse must include the following attribution: St. Gallen, Stiftsbibliothek, Cod. Sang. 570, f. 96r (www.e-codices.unifr.ch).","St. Gallen, Stiftsbibliothek, Cod. Sang. 570, page 96."
urn:cite:ecod:codsang570.csg-0570_097,"This image is available under the terms of a Creative Commons license (CC BY-NC 3.0).  Any reuse must include the following attribution: St. Gallen, Stiftsbibliothek, Cod. Sang. 570, f. 97r (www.e-codices.unifr.ch).","St. Gallen, Stiftsbibliothek, Cod. Sang. 570, page 97."
urn:cite:ecod:codsang570.csg-0570_098,"This image is available under the terms of a Creative Commons license (CC BY-NC 3.0).  Any reuse must include the following attribution: St. Gallen, Stiftsbibliothek, Cod. Sang. 570, f. 98r (www.e-codices.unifr.ch).","St. Gallen, Stiftsbibliothek, Cod. Sang. 570, page 98."
urn:cite:ecod:codsang570.csg-0570_099,"This image is available under the terms of a Creative Commons license (CC BY-NC 3.0).  Any reuse must include the following attribution: St. Gallen, Stiftsbibliothek, Cod. Sang. 570, f. 99r (www.e-codices.unifr.ch).","St. Gallen, Stiftsbibliothek, Cod. Sang. 570, page 99."
urn:cite:ecod:codsang570.csg-0570_100,"This image is available under the terms of a Creative Commons license (CC BY-NC 3.0).  Any reuse must include the following attribution: St. Gallen, Stiftsbibliothek, Cod. Sang. 570, f. 100r (www.e-codices.unifr.ch).","St. Gallen, Stiftsbibliothek, Cod. Sang. 570, page 100."
urn:cite:ecod:codsang570.csg-0570_101,"This image is available under the terms of a Creative Commons license (CC BY-NC 3.0).  Any reuse must include the following attribution: St. Gallen, Stiftsbibliothek, Cod. Sang. 570, f. 101r (www.e-codices.unifr.ch).","St. Gallen, Stiftsbibliothek, Cod. Sang. 570, page 101."
urn:cite:ecod:codsang570.csg-0570_102,"This image is available under the terms of a Creative Commons license (CC BY-NC 3.0).  Any reuse must include the following attribution: St. Gallen, Stiftsbibliothek, Cod. Sang. 570, f. 102r (www.e-codices.unifr.ch).","St. Gallen, Stiftsbibliothek, Cod. Sang. 570, page 102."
urn:cite:ecod:codsang570.csg-0570_103,"This image is available under the terms of a Creative Commons license (CC BY-NC 3.0).  Any reuse must include the following attribution: St. Gallen, Stiftsbibliothek, Cod. Sang. 570, f. 103r (www.e-codices.unifr.ch).","St. Gallen, Stiftsbibliothek, Cod. Sang. 570, page 103."
urn:cite:ecod:codsang570.csg-0570_104,"This image is available under the terms of a Creative Commons license (CC BY-NC 3.0).  Any reuse must include the following attribution: St. Gallen, Stiftsbibliothek, Cod. Sang. 570, f. 104r (www.e-codices.unifr.ch).","St. Gallen, Stiftsbibliothek, Cod. Sang. 570, page 104."
urn:cite:ecod:codsang570.csg-0570_105,"This image is available under the terms of a Creative Commons license (CC BY-NC 3.0).  Any reuse must include the following attribution: St. Gallen, Stiftsbibliothek, Cod. Sang. 570, f. 105r (www.e-codices.unifr.ch).","St. Gallen, Stiftsbibliothek, Cod. Sang. 570, page 105."
urn:cite:ecod:codsang570.csg-0570_106,"This image is available under the terms of a Creative Commons license (CC BY-NC 3.0).  Any reuse must include the following attribution: St. Gallen, Stiftsbibliothek, Cod. Sang. 570, f. 106r (www.e-codices.unifr.ch).","St. Gallen, Stiftsbibliothek, Cod. Sang. 570, page 106."
urn:cite:ecod:codsang570.csg-0570_107,"This image is available under the terms of a Creative Commons license (CC BY-NC 3.0).  Any reuse must include the following attribution: St. Gallen, Stiftsbibliothek, Cod. Sang. 570, f. 107r (www.e-codices.unifr.ch).","St. Gallen, Stiftsbibliothek, Cod. Sang. 570, page 107."
urn:cite:ecod:codsang570.csg-0570_108,"This image is available under the terms of a Creative Commons license (CC BY-NC 3.0).  Any reuse must include the following attribution: St. Gallen, Stiftsbibliothek, Cod. Sang. 570, f. 108r (www.e-codices.unifr.ch).","St. Gallen, Stiftsbibliothek, Cod. Sang. 570, page 108."
urn:cite:ecod:codsang570.csg-0570_109,"This image is available under the terms of a Creative Commons license (CC BY-NC 3.0).  Any reuse must include the following attribution: St. Gallen, Stiftsbibliothek, Cod. Sang. 570, f. 109r (www.e-codices.unifr.ch).","St. Gallen, Stiftsbibliothek, Cod. Sang. 570, page 109."
urn:cite:ecod:codsang570.csg-0570_110,"This image is available under the terms of a Creative Commons license (CC BY-NC 3.0).  Any reuse must include the following attribution: St. Gallen, Stiftsbibliothek, Cod. Sang. 570, f. 110r (www.e-codices.unifr.ch).","St. Gallen, Stiftsbibliothek, Cod. Sang. 570, page 110."
urn:cite:ecod:codsang570.csg-0570_111,"This image is available under the terms of a Creative Commons license (CC BY-NC 3.0).  Any reuse must include the following attribution: St. Gallen, Stiftsbibliothek, Cod. Sang. 570, f. 111r (www.e-codices.unifr.ch).","St. Gallen, Stiftsbibliothek, Cod. Sang. 570, page 111."
urn:cite:ecod:codsang570.csg-0570_112,"This image is available under the terms of a Creative Commons license (CC BY-NC 3.0).  Any reuse must include the following attribution: St. Gallen, Stiftsbibliothek, Cod. Sang. 570, f. 112r (www.e-codices.unifr.ch).","St. Gallen, Stiftsbibliothek, Cod. Sang. 570, page 112."
urn:cite:ecod:codsang570.csg-0570_113,"This image is available under the terms of a Creative Commons license (CC BY-NC 3.0).  Any reuse must include the following attribution: St. Gallen, Stiftsbibliothek, Cod. Sang. 570, f. 113r (www.e-codices.unifr.ch).","St. Gallen, Stiftsbibliothek, Cod. Sang. 570, page 113."
urn:cite:ecod:codsang570.csg-0570_114,"This image is available under the terms of a Creative Commons license (CC BY-NC 3.0).  Any reuse must include the following attribution: St. Gallen, Stiftsbibliothek, Cod. Sang. 570, f. 114r (www.e-codices.unifr.ch).","St. Gallen, Stiftsbibliothek, Cod. Sang. 570, page 114."
urn:cite:ecod:codsang570.csg-0570_115,"This image is available under the terms of a Creative Commons license (CC BY-NC 3.0).  Any reuse must include the following attribution: St. Gallen, Stiftsbibliothek, Cod. Sang. 570, f. 115r (www.e-codices.unifr.ch).","St. Gallen, Stiftsbibliothek, Cod. Sang. 570, page 115."
urn:cite:ecod:codsang570.csg-0570_116,"This image is available under the terms of a Creative Commons license (CC BY-NC 3.0).  Any reuse must include the following attribution: St. Gallen, Stiftsbibliothek, Cod. Sang. 570, f. 116r (www.e-codices.unifr.ch).","St. Gallen, Stiftsbibliothek, Cod. Sang. 570, page 116."
urn:cite:ecod:codsang570.csg-0570_117,"This image is available under the terms of a Creative Commons license (CC BY-NC 3.0).  Any reuse must include the following attribution: St. Gallen, Stiftsbibliothek, Cod. Sang. 570, f. 117r (www.e-codices.unifr.ch).","St. Gallen, Stiftsbibliothek, Cod. Sang. 570, page 117."
urn:cite:ecod:codsang570.csg-0570_118,"This image is available under the terms of a Creative Commons license (CC BY-NC 3.0).  Any reuse must include the following attribution: St. Gallen, Stiftsbibliothek, Cod. Sang. 570, f. 118r (www.e-codices.unifr.ch).","St. Gallen, Stiftsbibliothek, Cod. Sang. 570, page 118."
urn:cite:ecod:codsang570.csg-0570_119,"This image is available under the terms of a Creative Commons license (CC BY-NC 3.0).  Any reuse must include the following attribution: St. Gallen, Stiftsbibliothek, Cod. Sang. 570, f. 119r (www.e-codices.unifr.ch).","St. Gallen, Stiftsbibliothek, Cod. Sang. 570, page 119."
urn:cite:ecod:codsang570.csg-0570_120,"This image is available under the terms of a Creative Commons license (CC BY-NC 3.0).  Any reuse must include the following attribution: St. Gallen, Stiftsbibliothek, Cod. Sang. 570, f. 120r (www.e-codices.unifr.ch).","St. Gallen, Stiftsbibliothek, Cod. Sang. 570, page 120."
urn:cite:ecod:codsang570.csg-0570_121,"This image is available under the terms of a Creative Commons license (CC BY-NC 3.0).  Any reuse must include the following attribution: St. Gallen, Stiftsbibliothek, Cod. Sang. 570, f. 121r (www.e-codices.unifr.ch).","St. Gallen, Stiftsbibliothek, Cod. Sang. 570, page 121."
urn:cite:ecod:codsang570.csg-0570_122,"This image is available under the terms of a Creative Commons license (CC BY-NC 3.0).  Any reuse must include the following attribution: St. Gallen, Stiftsbibliothek, Cod. Sang. 570, f. 122r (www.e-codices.unifr.ch).","St. Gallen, Stiftsbibliothek, Cod. Sang. 570, page 122."
urn:cite:ecod:codsang570.csg-0570_123,"This image is available under the terms of a Creative Commons license (CC BY-NC 3.0).  Any reuse must include the following attribution: St. Gallen, Stiftsbibliothek, Cod. Sang. 570, f. 123r (www.e-codices.unifr.ch).","St. Gallen, Stiftsbibliothek, Cod. Sang. 570, page 123."
urn:cite:ecod:codsang570.csg-0570_124,"This image is available under the terms of a Creative Commons license (CC BY-NC 3.0).  Any reuse must include the following attribution: St. Gallen, Stiftsbibliothek, Cod. Sang. 570, f. 124r (www.e-codices.unifr.ch).","St. Gallen, Stiftsbibliothek, Cod. Sang. 570, page 124."
urn:cite:ecod:codsang570.csg-0570_125,"This image is available under the terms of a Creative Commons license (CC BY-NC 3.0).  Any reuse must include the following attribution: St. Gallen, Stiftsbibliothek, Cod. Sang. 570, f. 125r (www.e-codices.unifr.ch).","St. Gallen, Stiftsbibliothek, Cod. Sang. 570, page 125."
urn:cite:ecod:codsang570.csg-0570_126,"This image is available under the terms of a Creative Commons license (CC BY-NC 3.0).  Any reuse must include the following attribution: St. Gallen, Stiftsbibliothek, Cod. Sang. 570, f. 126r (www.e-codices.unifr.ch).","St. Gallen, Stiftsbibliothek, Cod. Sang. 570, page 126."
urn:cite:ecod:codsang570.csg-0570_127,"This image is available under the terms of a Creative Commons license (CC BY-NC 3.0).  Any reuse must include the following attribution: St. Gallen, Stiftsbibliothek, Cod. Sang. 570, f. 127r (www.e-codices.unifr.ch).","St. Gallen, Stiftsbibliothek, Cod. Sang. 570, page 127."
urn:cite:ecod:codsang570.csg-0570_128,"This image is available under the terms of a Creative Commons license (CC BY-NC 3.0).  Any reuse must include the following attribution: St. Gallen, Stiftsbibliothek, Cod. Sang. 570, f. 128r (www.e-codices.unifr.ch).","St. Gallen, Stiftsbibliothek, Cod. Sang. 570, page 128."
urn:cite:ecod:codsang570.csg-0570_129,"This image is available under the terms of a Creative Commons license (CC BY-NC 3.0).  Any reuse must include the following attribution: St. Gallen, Stiftsbibliothek, Cod. Sang. 570, f. 129r (www.e-codices.unifr.ch).","St. Gallen, Stiftsbibliothek, Cod. Sang. 570, page 129."
urn:cite:ecod:codsang570.csg-0570_130,"This image is available under the terms of a Creative Commons license (CC BY-NC 3.0).  Any reuse must include the following attribution: St. Gallen, Stiftsbibliothek, Cod. Sang. 570, f. 130r (www.e-codices.unifr.ch).","St. Gallen, Stiftsbibliothek, Cod. Sang. 570, page 130."
urn:cite:ecod:codsang570.csg-0570_131,"This image is available under the terms of a Creative Commons license (CC BY-NC 3.0).  Any reuse must include the following attribution: St. Gallen, Stiftsbibliothek, Cod. Sang. 570, f. 131r (www.e-codices.unifr.ch).","St. Gallen, Stiftsbibliothek, Cod. Sang. 570, page 131."
urn:cite:ecod:codsang570.csg-0570_132,"This image is available under the terms of a Creative Commons license (CC BY-NC 3.0).  Any reuse must include the following attribution: St. Gallen, Stiftsbibliothek, Cod. Sang. 570, f. 132r (www.e-codices.unifr.ch).","St. Gallen, Stiftsbibliothek, Cod. Sang. 570, page 132."
urn:cite:ecod:codsang570.csg-0570_133,"This image is available under the terms of a Creative Commons license (CC BY-NC 3.0).  Any reuse must include the following attribution: St. Gallen, Stiftsbibliothek, Cod. Sang. 570, f. 133r (www.e-codices.unifr.ch).","St. Gallen, Stiftsbibliothek, Cod. Sang. 570, page 133."
urn:cite:ecod:codsang570.csg-0570_134,"This image is available under the terms of a Creative Commons license (CC BY-NC 3.0).  Any reuse must include the following attribution: St. Gallen, Stiftsbibliothek, Cod. Sang. 570, f. 134r (www.e-codices.unifr.ch).","St. Gallen, Stiftsbibliothek, Cod. Sang. 570, page 134."
urn:cite:ecod:codsang570.csg-0570_135,"This image is available under the terms of a Creative Commons license (CC BY-NC 3.0).  Any reuse must include the following attribution: St. Gallen, Stiftsbibliothek, Cod. Sang. 570, f. 135r (www.e-codices.unifr.ch).","St. Gallen, Stiftsbibliothek, Cod. Sang. 570, page 135."
urn:cite:ecod:codsang570.csg-0570_136,"This image is available under the terms of a Creative Commons license (CC BY-NC 3.0).  Any reuse must include the following attribution: St. Gallen, Stiftsbibliothek, Cod. Sang. 570, f. 136r (www.e-codices.unifr.ch).","St. Gallen, Stiftsbibliothek, Cod. Sang. 570, page 136."
urn:cite:ecod:codsang570.csg-0570_137,"This image is available under the terms of a Creative Commons license (CC BY-NC 3.0).  Any reuse must include the following attribution: St. Gallen, Stiftsbibliothek, Cod. Sang. 570, f. 137r (www.e-codices.unifr.ch).","St. Gallen, Stiftsbibliothek, Cod. Sang. 570, page 137."
urn:cite:ecod:codsang570.csg-0570_138,"This image is available under the terms of a Creative Commons license (CC BY-NC 3.0).  Any reuse must include the following attribution: St. Gallen, Stiftsbibliothek, Cod. Sang. 570, f. 138r (www.e-codices.unifr.ch).","St. Gallen, Stiftsbibliothek, Cod. Sang. 570, page 138."
urn:cite:ecod:codsang570.csg-0570_139,"This image is available under the terms of a Creative Commons license (CC BY-NC 3.0).  Any reuse must include the following attribution: St. Gallen, Stiftsbibliothek, Cod. Sang. 570, f. 139r (www.e-codices.unifr.ch).","St. Gallen, Stiftsbibliothek, Cod. Sang. 570, page 139."
urn:cite:ecod:codsang570.csg-0570_140,"This image is available under the terms of a Creative Commons license (CC BY-NC 3.0).  Any reuse must include the following attribution: St. Gallen, Stiftsbibliothek, Cod. Sang. 570, f. 140r (www.e-codices.unifr.ch).","St. Gallen, Stiftsbibliothek, Cod. Sang. 570, page 140."
urn:cite:ecod:codsang570.csg-0570_141,"This image is available under the terms of a Creative Commons license (CC BY-NC 3.0).  Any reuse must include the following attribution: St. Gallen, Stiftsbibliothek, Cod. Sang. 570, f. 141r (www.e-codices.unifr.ch).","St. Gallen, Stiftsbibliothek, Cod. Sang. 570, page 141."
urn:cite:ecod:codsang570.csg-0570_142,"This image is available under the terms of a Creative Commons license (CC BY-NC 3.0).  Any reuse must include the following attribution: St. Gallen, Stiftsbibliothek, Cod. Sang. 570, f. 142r (www.e-codices.unifr.ch).","St. Gallen, Stiftsbibliothek, Cod. Sang. 570, page 142."
urn:cite:ecod:codsang570.csg-0570_143,"This image is available under the terms of a Creative Commons license (CC BY-NC 3.0).  Any reuse must include the following attribution: St. Gallen, Stiftsbibliothek, Cod. Sang. 570, f. 143r (www.e-codices.unifr.ch).","St. Gallen, Stiftsbibliothek, Cod. Sang. 570, page 143."
urn:cite:ecod:codsang570.csg-0570_144,"This image is available under the terms of a Creative Commons license (CC BY-NC 3.0).  Any reuse must include the following attribution: St. Gallen, Stiftsbibliothek, Cod. Sang. 570, f. 144r (www.e-codices.unifr.ch).","St. Gallen, Stiftsbibliothek, Cod. Sang. 570, page 144."
urn:cite:ecod:codsang570.csg-0570_145,"This image is available under the terms of a Creative Commons license (CC BY-NC 3.0).  Any reuse must include the following attribution: St. Gallen, Stiftsbibliothek, Cod. Sang. 570, f. 145r (www.e-codices.unifr.ch).","St. Gallen, Stiftsbibliothek, Cod. Sang. 570, page 145."
urn:cite:ecod:codsang570.csg-0570_146,"This image is available under the terms of a Creative Commons license (CC BY-NC 3.0).  Any reuse must include the following attribution: St. Gallen, Stiftsbibliothek, Cod. Sang. 570, f. 146r (www.e-codices.unifr.ch).","St. Gallen, Stiftsbibliothek, Cod. Sang. 570, page 146."
urn:cite:ecod:codsang570.csg-0570_147,"This image is available under the terms of a Creative Commons license (CC BY-NC 3.0).  Any reuse must include the following attribution: St. Gallen, Stiftsbibliothek, Cod. Sang. 570, f. 147r (www.e-codices.unifr.ch).","St. Gallen, Stiftsbibliothek, Cod. Sang. 570, page 147."
urn:cite:ecod:codsang570.csg-0570_148,"This image is available under the terms of a Creative Commons license (CC BY-NC 3.0).  Any reuse must include the following attribution: St. Gallen, Stiftsbibliothek, Cod. Sang. 570, f. 148r (www.e-codices.unifr.ch).","St. Gallen, Stiftsbibliothek, Cod. Sang. 570, page 148."
urn:cite:ecod:codsang570.csg-0570_149,"This image is available under the terms of a Creative Commons license (CC BY-NC 3.0).  Any reuse must include the following attribution: St. Gallen, Stiftsbibliothek, Cod. Sang. 570, f. 149r (www.e-codices.unifr.ch).","St. Gallen, Stiftsbibliothek, Cod. Sang. 570, page 149."
urn:cite:ecod:codsang570.csg-0570_150,"This image is available under the terms of a Creative Commons license (CC BY-NC 3.0).  Any reuse must include the following attribution: St. Gallen, Stiftsbibliothek, Cod. Sang. 570, f. 150r (www.e-codices.unifr.ch).","St. Gallen, Stiftsbibliothek, Cod. Sang. 570, page 150."
urn:cite:ecod:codsang570.csg-0570_151,"This image is available under the terms of a Creative Commons license (CC BY-NC 3.0).  Any reuse must include the following attribution: St. Gallen, Stiftsbibliothek, Cod. Sang. 570, f. 151r (www.e-codices.unifr.ch).","St. Gallen, Stiftsbibliothek, Cod. Sang. 570, page 151."
urn:cite:ecod:codsang570.csg-0570_152,"This image is available under the terms of a Creative Commons license (CC BY-NC 3.0).  Any reuse must include the following attribution: St. Gallen, Stiftsbibliothek, Cod. Sang. 570, f. 152r (www.e-codices.unifr.ch).","St. Gallen, Stiftsbibliothek, Cod. Sang. 570, page 152."
urn:cite:ecod:codsang570.csg-0570_153,"This image is available under the terms of a Creative Commons license (CC BY-NC 3.0).  Any reuse must include the following attribution: St. Gallen, Stiftsbibliothek, Cod. Sang. 570, f. 153r (www.e-codices.unifr.ch).","St. Gallen, Stiftsbibliothek, Cod. Sang. 570, page 153."
urn:cite:ecod:codsang570.csg-0570_154,"This image is available under the terms of a Creative Commons license (CC BY-NC 3.0).  Any reuse must include the following attribution: St. Gallen, Stiftsbibliothek, Cod. Sang. 570, f. 154r (www.e-codices.unifr.ch).","St. Gallen, Stiftsbibliothek, Cod. Sang. 570, page 154."
urn:cite:ecod:codsang570.csg-0570_155,"This image is available under the terms of a Creative Commons license (CC BY-NC 3.0).  Any reuse must include the following attribution: St. Gallen, Stiftsbibliothek, Cod. Sang. 570, f. 155r (www.e-codices.unifr.ch).","St. Gallen, Stiftsbibliothek, Cod. Sang. 570, page 155."
urn:cite:ecod:codsang570.csg-0570_156,"This image is available under the terms of a Creative Commons license (CC BY-NC 3.0).  Any reuse must include the following attribution: St. Gallen, Stiftsbibliothek, Cod. Sang. 570, f. 156r (www.e-codices.unifr.ch).","St. Gallen, Stiftsbibliothek, Cod. Sang. 570, page 156."
urn:cite:ecod:codsang570.csg-0570_157,"This image is available under the terms of a Creative Commons license (CC BY-NC 3.0).  Any reuse must include the following attribution: St. Gallen, Stiftsbibliothek, Cod. Sang. 570, f. 157r (www.e-codices.unifr.ch).","St. Gallen, Stiftsbibliothek, Cod. Sang. 570, page 157."
urn:cite:ecod:codsang570.csg-0570_158,"This image is available under the terms of a Creative Commons license (CC BY-NC 3.0).  Any reuse must include the following attribution: St. Gallen, Stiftsbibliothek, Cod. Sang. 570, f. 158r (www.e-codices.unifr.ch).","St. Gallen, Stiftsbibliothek, Cod. Sang. 570, page 158."
urn:cite:ecod:codsang570.csg-0570_159,"This image is available under the terms of a Creative Commons license (CC BY-NC 3.0).  Any reuse must include the following attribution: St. Gallen, Stiftsbibliothek, Cod. Sang. 570, f. 159r (www.e-codices.unifr.ch).","St. Gallen, Stiftsbibliothek, Cod. Sang. 570, page 159."
urn:cite:ecod:codsang570.csg-0570_160,"This image is available under the terms of a Creative Commons license (CC BY-NC 3.0).  Any reuse must include the following attribution: St. Gallen, Stiftsbibliothek, Cod. Sang. 570, f. 160r (www.e-codices.unifr.ch).","St. Gallen, Stiftsbibliothek, Cod. Sang. 570, page 160."
urn:cite:ecod:codsang570.csg-0570_161,"This image is available under the terms of a Creative Commons license (CC BY-NC 3.0).  Any reuse must include the following attribution: St. Gallen, Stiftsbibliothek, Cod. Sang. 570, f. 161r (www.e-codices.unifr.ch).","St. Gallen, Stiftsbibliothek, Cod. Sang. 570, page 161."
urn:cite:ecod:codsang570.csg-0570_162,"This image is available under the terms of a Creative Commons license (CC BY-NC 3.0).  Any reuse must include the following attribution: St. Gallen, Stiftsbibliothek, Cod. Sang. 570, f. 162r (www.e-codices.unifr.ch).","St. Gallen, Stiftsbibliothek, Cod. Sang. 570, page 162."
urn:cite:ecod:codsang570.csg-0570_163,"This image is available under the terms of a Creative Commons license (CC BY-NC 3.0).  Any reuse must include the following attribution: St. Gallen, Stiftsbibliothek, Cod. Sang. 570, f. 163r (www.e-codices.unifr.ch).","St. Gallen, Stiftsbibliothek, Cod. Sang. 570, page 163."
urn:cite:ecod:codsang570.csg-0570_164,"This image is available under the terms of a Creative Commons license (CC BY-NC 3.0).  Any reuse must include the following attribution: St. Gallen, Stiftsbibliothek, Cod. Sang. 570, f. 164r (www.e-codices.unifr.ch).","St. Gallen, Stiftsbibliothek, Cod. Sang. 570, page 164."
urn:cite:ecod:codsang570.csg-0570_165,"This image is available under the terms of a Creative Commons license (CC BY-NC 3.0).  Any reuse must include the following attribution: St. Gallen, Stiftsbibliothek, Cod. Sang. 570, f. 165r (www.e-codices.unifr.ch).","St. Gallen, Stiftsbibliothek, Cod. Sang. 570, page 165."
urn:cite:ecod:codsang570.csg-0570_166,"This image is available under the terms of a Creative Commons license (CC BY-NC 3.0).  Any reuse must include the following attribution: St. Gallen, Stiftsbibliothek, Cod. Sang. 570, f. 166r (www.e-codices.unifr.ch).","St. Gallen, Stiftsbibliothek, Cod. Sang. 570, page 166."
urn:cite:ecod:codsang570.csg-0570_167,"This image is available under the terms of a Creative Commons license (CC BY-NC 3.0).  Any reuse must include the following attribution: St. Gallen, Stiftsbibliothek, Cod. Sang. 570, f. 167r (www.e-codices.unifr.ch).","St. Gallen, Stiftsbibliothek, Cod. Sang. 570, page 167."
urn:cite:ecod:codsang570.csg-0570_168,"This image is available under the terms of a Creative Commons license (CC BY-NC 3.0).  Any reuse must include the following attribution: St. Gallen, Stiftsbibliothek, Cod. Sang. 570, f. 168r (www.e-codices.unifr.ch).","St. Gallen, Stiftsbibliothek, Cod. Sang. 570, page 168."
urn:cite:ecod:codsang570.csg-0570_169,"This image is available under the terms of a Creative Commons license (CC BY-NC 3.0).  Any reuse must include the following attribution: St. Gallen, Stiftsbibliothek, Cod. Sang. 570, f. 169r (www.e-codices.unifr.ch).","St. Gallen, Stiftsbibliothek, Cod. Sang. 570, page 169."
urn:cite:ecod:codsang570.csg-0570_170,"This image is available under the terms of a Creative Commons license (CC BY-NC 3.0).  Any reuse must include the following attribution: St. Gallen, Stiftsbibliothek, Cod. Sang. 570, f. 170r (www.e-codices.unifr.ch).","St. Gallen, Stiftsbibliothek, Cod. Sang. 570, page 170."
urn:cite:ecod:codsang570.csg-0570_171,"This image is available under the terms of a Creative Commons license (CC BY-NC 3.0).  Any reuse must include the following attribution: St. Gallen, Stiftsbibliothek, Cod. Sang. 570, f. 171r (www.e-codices.unifr.ch).","St. Gallen, Stiftsbibliothek, Cod. Sang. 570, page 171."
urn:cite:ecod:codsang570.csg-0570_172,"This image is available under the terms of a Creative Commons license (CC BY-NC 3.0).  Any reuse must include the following attribution: St. Gallen, Stiftsbibliothek, Cod. Sang. 570, f. 172r (www.e-codices.unifr.ch).","St. Gallen, Stiftsbibliothek, Cod. Sang. 570, page 172."
urn:cite:ecod:codsang570.csg-0570_173,"This image is available under the terms of a Creative Commons license (CC BY-NC 3.0).  Any reuse must include the following attribution: St. Gallen, Stiftsbibliothek, Cod. Sang. 570, f. 173r (www.e-codices.unifr.ch).","St. Gallen, Stiftsbibliothek, Cod. Sang. 570, page 173."
urn:cite:ecod:codsang570.csg-0570_174,"This image is available under the terms of a Creative Commons license (CC BY-NC 3.0).  Any reuse must include the following attribution: St. Gallen, Stiftsbibliothek, Cod. Sang. 570, f. 174r (www.e-codices.unifr.ch).","St. Gallen, Stiftsbibliothek, Cod. Sang. 570, page 174."
urn:cite:ecod:codsang570.csg-0570_175,"This image is available under the terms of a Creative Commons license (CC BY-NC 3.0).  Any reuse must include the following attribution: St. Gallen, Stiftsbibliothek, Cod. Sang. 570, f. 175r (www.e-codices.unifr.ch).","St. Gallen, Stiftsbibliothek, Cod. Sang. 570, page 175."
urn:cite:ecod:codsang570.csg-0570_176,"This image is available under the terms of a Creative Commons license (CC BY-NC 3.0).  Any reuse must include the following attribution: St. Gallen, Stiftsbibliothek, Cod. Sang. 570, f. 176r (www.e-codices.unifr.ch).","St. Gallen, Stiftsbibliothek, Cod. Sang. 570, page 176."
urn:cite:ecod:codsang570.csg-0570_177,"This image is available under the terms of a Creative Commons license (CC BY-NC 3.0).  Any reuse must include the following attribution: St. Gallen, Stiftsbibliothek, Cod. Sang. 570, f. 177r (www.e-codices.unifr.ch).","St. Gallen, Stiftsbibliothek, Cod. Sang. 570, page 177."
urn:cite:ecod:codsang570.csg-0570_178,"This image is available under the terms of a Creative Commons license (CC BY-NC 3.0).  Any reuse must include the following attribution: St. Gallen, Stiftsbibliothek, Cod. Sang. 570, f. 178r (www.e-codices.unifr.ch).","St. Gallen, Stiftsbibliothek, Cod. Sang. 570, page 178."
urn:cite:ecod:codsang570.csg-0570_179,"This image is available under the terms of a Creative Commons license (CC BY-NC 3.0).  Any reuse must include the following attribution: St. Gallen, Stiftsbibliothek, Cod. Sang. 570, f. 179r (www.e-codices.unifr.ch).","St. Gallen, Stiftsbibliothek, Cod. Sang. 570, page 179."
urn:cite:ecod:codsang570.csg-0570_180,"This image is available under the terms of a Creative Commons license (CC BY-NC 3.0).  Any reuse must include the following attribution: St. Gallen, Stiftsbibliothek, Cod. Sang. 570, f. 180r (www.e-codices.unifr.ch).","St. Gallen, Stiftsbibliothek, Cod. Sang. 570, page 180."
urn:cite:ecod:codsang570.csg-0570_181,"This image is available under the terms of a Creative Commons license (CC BY-NC 3.0).  Any reuse must include the following attribution: St. Gallen, Stiftsbibliothek, Cod. Sang. 570, f. 181r (www.e-codices.unifr.ch).","St. Gallen, Stiftsbibliothek, Cod. Sang. 570, page 181."
urn:cite:ecod:codsang570.csg-0570_182,"This image is available under the terms of a Creative Commons license (CC BY-NC 3.0).  Any reuse must include the following attribution: St. Gallen, Stiftsbibliothek, Cod. Sang. 570, f. 182r (www.e-codices.unifr.ch).","St. Gallen, Stiftsbibliothek, Cod. Sang. 570, page 182."
urn:cite:ecod:codsang570.csg-0570_183,"This image is available under the terms of a Creative Commons license (CC BY-NC 3.0).  Any reuse must include the following attribution: St. Gallen, Stiftsbibliothek, Cod. Sang. 570, f. 183r (www.e-codices.unifr.ch).","St. Gallen, Stiftsbibliothek, Cod. Sang. 570, page 183."
urn:cite:ecod:codsang570.csg-0570_184,"This image is available under the terms of a Creative Commons license (CC BY-NC 3.0).  Any reuse must include the following attribution: St. Gallen, Stiftsbibliothek, Cod. Sang. 570, f. 184r (www.e-codices.unifr.ch).","St. Gallen, Stiftsbibliothek, Cod. Sang. 570, page 184."
urn:cite:ecod:codsang570.csg-0570_185,"This image is available under the terms of a Creative Commons license (CC BY-NC 3.0).  Any reuse must include the following attribution: St. Gallen, Stiftsbibliothek, Cod. Sang. 570, f. 185r (www.e-codices.unifr.ch).","St. Gallen, Stiftsbibliothek, Cod. Sang. 570, page 185."
urn:cite:ecod:codsang570.csg-0570_186,"This image is available under the terms of a Creative Commons license (CC BY-NC 3.0).  Any reuse must include the following attribution: St. Gallen, Stiftsbibliothek, Cod. Sang. 570, f. 186r (www.e-codices.unifr.ch).","St. Gallen, Stiftsbibliothek, Cod. Sang. 570, page 186."
urn:cite:ecod:codsang570.csg-0570_187,"This image is available under the terms of a Creative Commons license (CC BY-NC 3.0).  Any reuse must include the following attribution: St. Gallen, Stiftsbibliothek, Cod. Sang. 570, f. 187r (www.e-codices.unifr.ch).","St. Gallen, Stiftsbibliothek, Cod. Sang. 570, page 187."
urn:cite:ecod:codsang570.csg-0570_188,"This image is available under the terms of a Creative Commons license (CC BY-NC 3.0).  Any reuse must include the following attribution: St. Gallen, Stiftsbibliothek, Cod. Sang. 570, f. 188r (www.e-codices.unifr.ch).","St. Gallen, Stiftsbibliothek, Cod. Sang. 570, page 188."
urn:cite:ecod:codsang570.csg-0570_189,"This image is available under the terms of a Creative Commons license (CC BY-NC 3.0).  Any reuse must include the following attribution: St. Gallen, Stiftsbibliothek, Cod. Sang. 570, f. 189r (www.e-codices.unifr.ch).","St. Gallen, Stiftsbibliothek, Cod. Sang. 570, page 189."
urn:cite:ecod:codsang570.csg-0570_190,"This image is available under the terms of a Creative Commons license (CC BY-NC 3.0).  Any reuse must include the following attribution: St. Gallen, Stiftsbibliothek, Cod. Sang. 570, f. 190r (www.e-codices.unifr.ch).","St. Gallen, Stiftsbibliothek, Cod. Sang. 570, page 190."
urn:cite:ecod:codsang570.csg-0570_191,"This image is available under the terms of a Creative Commons license (CC BY-NC 3.0).  Any reuse must include the following attribution: St. Gallen, Stiftsbibliothek, Cod. Sang. 570, f. 191r (www.e-codices.unifr.ch).","St. Gallen, Stiftsbibliothek, Cod. Sang. 570, page 191."
urn:cite:ecod:codsang570.csg-0570_192,"This image is available under the terms of a Creative Commons license (CC BY-NC 3.0).  Any reuse must include the following attribution: St. Gallen, Stiftsbibliothek, Cod. Sang. 570, f. 192r (www.e-codices.unifr.ch).","St. Gallen, Stiftsbibliothek, Cod. Sang. 570, page 192."
urn:cite:ecod:codsang570.csg-0570_193,"This image is available under the terms of a Creative Commons license (CC BY-NC 3.0).  Any reuse must include the following attribution: St. Gallen, Stiftsbibliothek, Cod. Sang. 570, f. 193r (www.e-codices.unifr.ch).","St. Gallen, Stiftsbibliothek, Cod. Sang. 570, page 193."
urn:cite:ecod:codsang570.csg-0570_194,"This image is available under the terms of a Creative Commons license (CC BY-NC 3.0).  Any reuse must include the following attribution: St. Gallen, Stiftsbibliothek, Cod. Sang. 570, f. 194r (www.e-codices.unifr.ch).","St. Gallen, Stiftsbibliothek, Cod. Sang. 570, page 194."
urn:cite:ecod:codsang570.csg-0570_195,"This image is available under the terms of a Creative Commons license (CC BY-NC 3.0).  Any reuse must include the following attribution: St. Gallen, Stiftsbibliothek, Cod. Sang. 570, f. 195r (www.e-codices.unifr.ch).","St. Gallen, Stiftsbibliothek, Cod. Sang. 570, page 195."
urn:cite:ecod:codsang570.csg-0570_196,"This image is available under the terms of a Creative Commons license (CC BY-NC 3.0).  Any reuse must include the following attribution: St. Gallen, Stiftsbibliothek, Cod. Sang. 570, f. 196r (www.e-codices.unifr.ch).","St. Gallen, Stiftsbibliothek, Cod. Sang. 570, page 196."
urn:cite:ecod:codsang570.csg-0570_197,"This image is available under the terms of a Creative Commons license (CC BY-NC 3.0).  Any reuse must include the following attribution: St. Gallen, Stiftsbibliothek, Cod. Sang. 570, f. 197r (www.e-codices.unifr.ch).","St. Gallen, Stiftsbibliothek, Cod. Sang. 570, page 197."
urn:cite:ecod:codsang570.csg-0570_198,"This image is available under the terms of a Creative Commons license (CC BY-NC 3.0).  Any reuse must include the following attribution: St. Gallen, Stiftsbibliothek, Cod. Sang. 570, f. 198r (www.e-codices.unifr.ch).","St. Gallen, Stiftsbibliothek, Cod. Sang. 570, page 198."
